<?xml version="1.0" encoding="UTF-8" standalone="yes"?>
<command overlay="true">
    <name>drlCreateIssuesStatusReport</name>
    <symbolicName>command_drlCreateIssuesStatusReport</symbolicName>
    <dataObjectType>command</dataObjectType>
    <icon></icon>
    <description>Issues Status Report</description>
    <label>Issues Status Report</label>
    <isHidden>false</isHidden>
    <href>${ROOT_DIR}/drV6Tools/drV6Tools.jsp?operation=RunDRToolsServerCommandActionTrigger&amp;drToolsKey=Create_Issues_Status_Report</href>
    <alt></alt>
    <code></code>
    <settings>
        <setting>
            <settingName>Image</settingName>
            <settingValue>${COMMON_DIR}/images/iconActionCreate</settingValue>
        </setting>
        <setting>
            <settingName>Target Location</settingName>
            <settingValue>tableHiddenFrame</settingValue>
        </setting>
    </settings>
    <userAccess/>
</command>
