<?xml version="1.0" encoding="UTF-8" standalone="yes"?>
<command overlay="true">
    <name>drV6ToolsCreateDRLDocumentDataPDFReport</name>
    <symbolicName>command_drV6ToolsCreateDRLDocumentDataPDFReport</symbolicName>
    <dataObjectType>command</dataObjectType>
    <icon></icon>
    <description>drV6Tools Create PDF Report</description>
    <label>Create PDF Report</label>
    <isHidden>false</isHidden>
    <href>${ROOT_DIR}/drV6Tools/drV6Tools.jsp?drtoolsKey=PDFReportGeneratorTypeActionTrigger</href>
    <alt></alt>
    <code></code>
    <settings>
        <setting>
            <settingName>Registered Suite</settingName>
            <settingValue>drV6Tools</settingValue>
        </setting>
        <setting>
            <settingName>Submit</settingName>
            <settingValue>true</settingValue>
        </setting>
        <setting>
            <settingName>Target Location</settingName>
            <settingValue>hiddenFrame</settingValue>
        </setting>
    </settings>
    <userAccess/>
</command>
