<?xml version="1.0" encoding="UTF-8" standalone="yes"?>
<command overlay="true">
    <name>drV6ToolsCreateBatchWorkspaceDocumentReport</name>
    <symbolicName>command_drV6ToolsCreateBatchWorkspaceDocumentReport</symbolicName>
    <dataObjectType>command</dataObjectType>
    <icon></icon>
    <description></description>
    <label>Create Batch Workspace Contents Report...</label>
    <isHidden>false</isHidden>
    <href>${ROOT_DIR}/drV6Tools/drCascade.action?drtoolsKey=BatchWorkspaceDocumentReportCascade&amp;action=init&amp;mode=Forward</href>
    <alt></alt>
    <code></code>
    <settings>
        <setting>
            <settingName>Image</settingName>
            <settingValue>${COMMON_DIR}/images/iconActionCreate.gif</settingValue>
        </setting>
        <setting>
            <settingName>Registered Suite</settingName>
            <settingValue>drV6Tools</settingValue>
        </setting>
        <setting>
            <settingName>Submit</settingName>
            <settingValue>True</settingValue>
        </setting>
        <setting>
            <settingName>Target Location</settingName>
            <settingValue>slidein</settingValue>
        </setting>
    </settings>
    <userAccess/>
</command>
