<document>
 <styles>
  <style name="bold" font="Arial" size="9" format="bold"/>
  <style name="normal" font="Arial" size="9" format="" default="true"/>
  <style name="large" font="Arial" size="14" format="" />
  <style name="H1" font="Arial" size="14" format="bold" />
  <style name="H2" font="Arial" size="12" format="bold" />
  <style name="small" font="Arial" size="5" format="" />
  <style name="smallbold" font="Arial" size="5" format="bold" />
 </styles>
 <pages>
  <page>
   <name>Page1</name>
   <size>A4</size>
   <unitOfMeasure>MM</unitOfMeasure>
   <lineSpacing>1</lineSpacing>
   <margin>
    <top>5</top>
    <left>20</left>
    <right>20</right>
    <bottom>10</bottom>
    <headerHeight>95</headerHeight>
    <footerHeight>40</footerHeight>
   </margin>
   <flowtext>
   </flowtext>
   <fixedtext>
   </fixedtext>
   <header>
    <headerimage horizontalPosition="top" verticalPosition="left" scaleToFit="true" stretch="false" underlay="true" >
     <type>Document Template</type>
     <name>DRL-PDF-TEMP-0001</name>
     <revision>1</revision>
     <file-name>drl_header.jpg</file-name>
    </headerimage> 
    <headertext style="H1" horizontalPosition="left" verticalPosition="bottom" alignment="left" height="90" width="600">
     <value>type</value>
    </headertext>
    <headertext style="H2" horizontalPosition="left" verticalPosition="bottom" alignment="left" height="70" width="600">
     <value>Title</value>
    </headertext>
    <headertext style="H2" horizontalPosition="left" verticalPosition="bottom" alignment="left" height="30" width="300">
     <value>Description</value>
    </headertext>    
    <headertext style="bold" horizontalPosition="right" verticalPosition="bottom" alignment="left" height="90" width="150">
     <text>Document No: </text><value>name</value>
    </headertext>
    <headertext style="bold" horizontalPosition="right" verticalPosition="bottom" alignment="left" height="50" width="150">
     <text>Date: </text><value>Originated</value><!--text>&lt;%date &apos;dd-MMM-yyyy&apos;%&gt;</text><newline/-->
    </headertext>
    <headertext style="bold" horizontalPosition="right" verticalPosition="bottom" alignment="left" height="10" width="150">
     <text>Page: &lt;%PageNo%&gt; of &lt;%PageCount%&gt;</text>
    </headertext>
   </header>
   <footer>
    <footerimage horizontalPosition="top" verticalPosition="left" scaleToFit="true" stretch="false" underlay="true" >
     <type>Document Template</type>
     <name>DRL-PDF-TEMP-0002</name>
     <revision>1</revision>
     <file-name>drl_footer.jpg</file-name>
    </footerimage>
    <footertext style="small" horizontalPosition="left" verticalPosition="bottom" alignment="left" height="50" width="500">
     <text>This document Contains PROPRIETARY and CONFIDENTIAL information and may NOT be copied or reproduced in any media without written permission from the owner.</text>
    </footertext>
    <footertext style="small" horizontalPosition="left" verticalPosition="bottom" alignment="left" height="43" width="500">
     <text>Technical Information contained herein is subject to change without notice.  Some data may vary on machines.</text>
    </footertext>   
   </footer>
   <fixedtext>
    <text style="bold">Document Subtype: </text><value>Document Subtype</value>
    <newline></newline>
    <text style="bold">Customer: </text><value>Customer</value>
    <newline></newline>
    <text style="bold">Customer Address: </text>
    <newline></newline>
    <value>Customer Address</value>
    <newline></newline>
    <text style="bold">Project: </text><value>Project</value>
    <newline></newline>
    <text style="bold">Use Template: </text><value>DR Use Template</value>
    <newline></newline>
    <text style="bold">Approval Route: </text><value>Approval Route</value>
    <newline></newline>
   </fixedtext>
   <tables>
    <table x="0" y="50" columns="4" columnwidths="30,50,30,40" cellheight="5" measurementunit="MM">
     <cell rowspan="1" columnspan="4" style="bold">
      <text></text>
     </cell>
     <cell rowspan="1" columnspan="4" style="bold">
      <text>Author</text>
     </cell>
     <cell>
      <text>Name</text>
     </cell>
     <cell>
      <text>Email</text>
     </cell>
     <cell>
      <text>Telephone</text>
     </cell>
     <cell>
      <text>Creation Date</text>
     </cell>
     <cell>
      <value>Author Text</value>
     </cell>
     <cell>
      <value>Author Email Address</value>
     </cell>
     <cell>
      <value>Author Telephone</value>
     </cell>
     <cell>
      <value>Creation Date</value>
     </cell> 
    </table>
    <table x="0" y="100" columns="4" columnwidths="20,45,45,40" cellheight="5" measurementunit="MM">
     <cell rowspan="1" columnspan="4" style="bold">
      <text></text>
     </cell>
     <cell rowspan="1" columnspan="4" style="bold">
      <text>Approvals</text>
     </cell>
     <cell>
      <text>Approval</text>
     </cell>
     <cell>
      <text>Department</text>
     </cell>
     <cell>
      <text>Approver</text>
     </cell>
     <cell>
      <text>Date</text>
     </cell>
     <cell>
      <text>1</text>
     </cell>
     <cell>
      <value>Approval1 Dept</value>
     </cell>
     <cell>
      <value>Approval1</value>
     </cell>
     <cell>
      <value>Approval1 Date</value>
     </cell>
     <cell>
      <text>2</text>
     </cell>
     <cell>
      <value>Approval2 Dept</value>
     </cell>
     <cell>
      <value>Approval2</value>
     </cell>
     <cell>
      <value>Approval2 Date</value>
     </cell>
     <cell>
      <text>3</text>
     </cell>
     <cell>
      <value>Approval3 Dept</value>
     </cell>
     <cell>
      <value>Approval3</value>
     </cell>
     <cell>
      <value>Approval3 Date</value>
     </cell>
     <cell>
      <text>4</text>
     </cell>
     <cell>
      <value>Approval 4 Dept</value>
     </cell>
     <cell>
      <value>Approval 4</value>
     </cell>
     <cell>
      <value>Approval 4 Date</value>
     </cell>
    </table>
   </tables>
  </page>
 </pages>
</document>