<document>
 <useBlankWorkbook>FALSE</useBlankWorkbook>
 <templateType>Document Template</templateType>
 <templateName>Doc-0000067</templateName>
 <templateRevision>1</templateRevision>
 <templateFileName>WorkspaceReportTemplate.xlsx</templateFileName>
 <workSheets>
  <workSheet>
   <useBlankWorksheet>FALSE</useBlankWorksheet>
   <workSheetName>Workspace Report</workSheetName>
   <fixedCells>
   </fixedCells>
   <rowRepeaters>
    <rowRepeater>
     <startRow>2</startRow>
     <query queryType="expand"  objectidposition="6" relationshipidposition="7"  orderby="id" dumpdelimiter="|" typePattern="*" retrieveAllBasics="true" attributes="Title,Originator" relationshipPattern="Vaulted Objects" relationshipAttributes="" whereCondition="${lookup:NameWhereCondition}"></query>
     <cells>
      <!-- ***************************************** DATA ROW *****************************************-->
      <cell column="A">
       <value>Title</value>
      </cell>
      <cell column="B">
       <value>type</value>
      </cell>
      <cell column="C">
       <value>name</value>
      </cell>
      <cell column="D">
       <value>revision</value>
      </cell>      
      <cell column="E">
       <value>description</value>
      </cell>       
      <cell column="F">
       <value>policy</value>
      </cell>
      <cell column="G">
       <value>current</value>
      </cell>
      <cell column="H">
       <value>originated</value>
      </cell>
      <cell column="I">
       <value>Originator</value>
      </cell>
     </cells>
    </rowRepeater>
   </rowRepeaters>
  </workSheet>
  <workSheet>
   <useBlankWorksheet>FALSE</useBlankWorksheet>
   <workSheetName>Document Data</workSheetName>
   <fixedCells>
    <!-- ***************************************** TITLE BLOCK *****************************************-->
    <cell column="B" row="1">
     <value>name</value>   
    </cell>
   </fixedCells>
  </workSheet>
 </workSheets>
</document>