<?xml version="1.0" encoding="UTF-8" standalone="yes"?>
<type overlay="true">
    <name>DRL DOCUMENTS</name>
    <symbolicName>type_DRLDOCUMENTS</symbolicName>
    <dataObjectType>type</dataObjectType>
    <icon></icon>
    <description>DRL Documents abstract type</description>
    <parentName>DOCUMENTS</parentName>
    <isHidden>false</isHidden>
    <isAbstract>true</isAbstract>
    <attributes>
        <attribute>Project</attribute>
        <attribute>Owner Mobile phone number</attribute>
        <attribute>Owner First Name Last Name</attribute>
        <attribute>Owner Email Address</attribute>
        <attribute>Approval Route</attribute>
        <attribute>Customer</attribute>
        <attribute>Approval1 Date</attribute>
        <attribute>Approval1 Dept</attribute>
        <attribute>Approval1</attribute>
        <attribute>Approval2 Date</attribute>
        <attribute>Approval2 Dept</attribute>
        <attribute>Approval2</attribute>
        <attribute>Approval3 Date</attribute>
        <attribute>Approval3 Dept</attribute>
        <attribute>Approval3</attribute>
		<attribute>Approval4 Date</attribute>
        <attribute>Approval4 Dept</attribute>
        <attribute>Approval4</attribute>
        <attribute>Approval5 Date</attribute>
        <attribute>Approval5 Dept</attribute>
        <attribute>Approval5</attribute>
        <attribute>Author Text</attribute>
        <attribute>DR Use Template</attribute>
        <attribute>Released Date</attribute>
        <attribute>Released</attribute>
        <attribute>Document Subtype</attribute>
        <attribute>Creation Date</attribute>
        <attribute>Author Telephone</attribute>
        <attribute>Author Email Address</attribute>
        <attribute>Customer Address</attribute>
		<attribute>Classification Key</attribute>
		<attribute>Classification Standard Description</attribute>
        <attribute>Classification Attribute 1 Name</attribute>
		<attribute>Classification Attribute 1 Value</attribute>
		<attribute>Classification Attribute 1 UOM</attribute>
		<attribute>Classification Attribute 2 Name</attribute>
		<attribute>Classification Attribute 2 Value</attribute>
		<attribute>Classification Attribute 2 UOM</attribute>
		<attribute>Classification Attribute 3 Name</attribute>
		<attribute>Classification Attribute 3 Value</attribute>
		<attribute>Classification Attribute 3 UOM</attribute>
		<attribute>Classification Attribute 4 Name</attribute>
		<attribute>Classification Attribute 4 Value</attribute>
		<attribute>Classification Attribute 4 UOM</attribute>
		<attribute>Classification Attribute 5 Name</attribute>
		<attribute>Classification Attribute 5 Value</attribute>
		<attribute>Classification Attribute 5 UOM</attribute>
		<attribute>Classification Attribute 6 Name</attribute>
		<attribute>Classification Attribute 6 Value</attribute>
		<attribute>Classification Attribute 6 UOM</attribute>
		<attribute>Classification Attribute 7 Name</attribute>
		<attribute>Classification Attribute 7 Value</attribute>
		<attribute>Classification Attribute 7 UOM</attribute>
    </attributes>
    <triggers>
        <trigger>
            <triggerType>Checkin</triggerType>
            <programName>emxTriggerManager</programName>
            <input>TypeAllDRToolsV6RunActionTrigger</input>
            <programType>Action</programType>
        </trigger>
        <trigger>
            <triggerType>Create</triggerType>
            <programName>emxTriggerManager</programName>
            <input>TypeAllDRToolsV6RunActionTrigger_Deferred</input>
            <programType>Action</programType>
        </trigger>
        <trigger>
            <triggerType>Revision</triggerType>
            <programName>emxTriggerManager</programName>
            <input></input>
            <programType>Action</programType>
        </trigger>
    </triggers>
</type>
