<?xml version="1.0" encoding="UTF-8" standalone="yes"?>
<drlExportObjects>
    <objects>
        <object>
            <type>DRLTools PDF Report Activity</type>
            <name>PDFReportGenerator</name>
            <description>Create a pdf report for documents</description>
            <revision>1</revision>
            <policy>DRLTools</policy>
            <vault>eService Production</vault>
            <current>Exists</current>
            <level>2</level>
            <attributes>
                <attribute name="drlConfigurationObjectSource" value=""/>
                <attribute name="drlFileName" value="${type} ${name} ${revision}.pdf"/>
                <attribute name="drlReportLayout" value="&lt;document&gt;&#xA; &lt;styles&gt;&#xA;  &lt;style name=&quot;bold&quot; font=&quot;Arial&quot; size=&quot;9&quot; format=&quot;bold&quot;/&gt;&#xA;  &lt;style name=&quot;normal&quot; font=&quot;Arial&quot; size=&quot;9&quot; format=&quot;&quot; default=&quot;true&quot;/&gt;&#xA;  &lt;style name=&quot;large&quot; font=&quot;Arial&quot; size=&quot;14&quot; format=&quot;&quot; /&gt;&#xA;  &lt;style name=&quot;H1&quot; font=&quot;Arial&quot; size=&quot;14&quot; format=&quot;bold&quot; /&gt;&#xA;  &lt;style name=&quot;H2&quot; font=&quot;Arial&quot; size=&quot;12&quot; format=&quot;bold&quot; /&gt;&#xA;  &lt;style name=&quot;small&quot; font=&quot;Arial&quot; size=&quot;5&quot; format=&quot;&quot; /&gt;&#xA;  &lt;style name=&quot;smallbold&quot; font=&quot;Arial&quot; size=&quot;5&quot; format=&quot;bold&quot; /&gt;&#xA; &lt;/styles&gt;&#xA; &lt;pages&gt;&#xA;  &lt;page&gt;&#xA;   &lt;name&gt;Page1&lt;/name&gt;&#xA;   &lt;size&gt;A4&lt;/size&gt;&#xA;   &lt;unitOfMeasure&gt;MM&lt;/unitOfMeasure&gt;&#xA;   &lt;lineSpacing&gt;1&lt;/lineSpacing&gt;&#xA;   &lt;margin&gt;&#xA;    &lt;top&gt;5&lt;/top&gt;&#xA;    &lt;left&gt;20&lt;/left&gt;&#xA;    &lt;right&gt;20&lt;/right&gt;&#xA;    &lt;bottom&gt;10&lt;/bottom&gt;&#xA;    &lt;headerHeight&gt;95&lt;/headerHeight&gt;&#xA;    &lt;footerHeight&gt;40&lt;/footerHeight&gt;&#xA;   &lt;/margin&gt;&#xA;   &lt;flowtext&gt;&#xA;   &lt;/flowtext&gt;&#xA;   &lt;fixedtext&gt;&#xA;   &lt;/fixedtext&gt;&#xA;   &lt;header&gt;&#xA;    &lt;headerimage horizontalPosition=&quot;top&quot; verticalPosition=&quot;left&quot; scaleToFit=&quot;true&quot; stretch=&quot;false&quot; underlay=&quot;true&quot; &gt;&#xA;     &lt;type&gt;Document Template&lt;/type&gt;&#xA;     &lt;name&gt;DRL-PDF-TEMP-0001&lt;/name&gt;&#xA;     &lt;revision&gt;1&lt;/revision&gt;&#xA;     &lt;file-name&gt;drl_header.jpg&lt;/file-name&gt;&#xA;    &lt;/headerimage&gt; &#xA;    &lt;headertext style=&quot;H1&quot; horizontalPosition=&quot;left&quot; verticalPosition=&quot;bottom&quot; alignment=&quot;left&quot; height=&quot;90&quot; width=&quot;600&quot;&gt;&#xA;     &lt;value&gt;type&lt;/value&gt;&#xA;    &lt;/headertext&gt;&#xA;    &lt;headertext style=&quot;H2&quot; horizontalPosition=&quot;left&quot; verticalPosition=&quot;bottom&quot; alignment=&quot;left&quot; height=&quot;70&quot; width=&quot;600&quot;&gt;&#xA;     &lt;value&gt;Title&lt;/value&gt;&#xA;    &lt;/headertext&gt;&#xA;    &lt;headertext style=&quot;H2&quot; horizontalPosition=&quot;left&quot; verticalPosition=&quot;bottom&quot; alignment=&quot;left&quot; height=&quot;30&quot; width=&quot;300&quot;&gt;&#xA;     &lt;value&gt;Description&lt;/value&gt;&#xA;    &lt;/headertext&gt;    &#xA;    &lt;headertext style=&quot;bold&quot; horizontalPosition=&quot;right&quot; verticalPosition=&quot;bottom&quot; alignment=&quot;left&quot; height=&quot;90&quot; width=&quot;150&quot;&gt;&#xA;     &lt;text&gt;Document No: &lt;/text&gt;&lt;value&gt;name&lt;/value&gt;&#xA;    &lt;/headertext&gt;&#xA;    &lt;headertext style=&quot;bold&quot; horizontalPosition=&quot;right&quot; verticalPosition=&quot;bottom&quot; alignment=&quot;left&quot; height=&quot;50&quot; width=&quot;150&quot;&gt;&#xA;     &lt;text&gt;Date: &lt;/text&gt;&lt;value&gt;Originated&lt;/value&gt;&lt;!--text&gt;&amp;lt;%date &amp;apos;dd-MMM-yyyy&amp;apos;%&amp;gt;&lt;/text&gt;&lt;newline/--&gt;&#xA;    &lt;/headertext&gt;&#xA;    &lt;headertext style=&quot;bold&quot; horizontalPosition=&quot;right&quot; verticalPosition=&quot;bottom&quot; alignment=&quot;left&quot; height=&quot;10&quot; width=&quot;150&quot;&gt;&#xA;     &lt;text&gt;Page: &amp;lt;%PageNo%&amp;gt; of &amp;lt;%PageCount%&amp;gt;&lt;/text&gt;&#xA;    &lt;/headertext&gt;&#xA;   &lt;/header&gt;&#xA;   &lt;footer&gt;&#xA;    &lt;footerimage horizontalPosition=&quot;top&quot; verticalPosition=&quot;left&quot; scaleToFit=&quot;true&quot; stretch=&quot;false&quot; underlay=&quot;true&quot; &gt;&#xA;     &lt;type&gt;Document Template&lt;/type&gt;&#xA;     &lt;name&gt;DRL-PDF-TEMP-0002&lt;/name&gt;&#xA;     &lt;revision&gt;1&lt;/revision&gt;&#xA;     &lt;file-name&gt;drl_footer.jpg&lt;/file-name&gt;&#xA;    &lt;/footerimage&gt;&#xA;    &lt;footertext style=&quot;small&quot; horizontalPosition=&quot;left&quot; verticalPosition=&quot;bottom&quot; alignment=&quot;left&quot; height=&quot;50&quot; width=&quot;500&quot;&gt;&#xA;     &lt;text&gt;This document Contains PROPRIETARY and CONFIDENTIAL information and may NOT be copied or reproduced in any media without written permission from the owner.&lt;/text&gt;&#xA;    &lt;/footertext&gt;&#xA;    &lt;footertext style=&quot;small&quot; horizontalPosition=&quot;left&quot; verticalPosition=&quot;bottom&quot; alignment=&quot;left&quot; height=&quot;43&quot; width=&quot;500&quot;&gt;&#xA;     &lt;text&gt;Technical Information contained herein is subject to change without notice.  Some data may vary on machines.&lt;/text&gt;&#xA;    &lt;/footertext&gt;   &#xA;   &lt;/footer&gt;&#xA;   &lt;fixedtext&gt;&#xA;    &lt;text style=&quot;bold&quot;&gt;Document Subtype: &lt;/text&gt;&lt;value&gt;Document Subtype&lt;/value&gt;&#xA;    &lt;newline&gt;&lt;/newline&gt;&#xA;    &lt;text style=&quot;bold&quot;&gt;Customer: &lt;/text&gt;&lt;value&gt;Customer&lt;/value&gt;&#xA;    &lt;newline&gt;&lt;/newline&gt;&#xA;    &lt;text style=&quot;bold&quot;&gt;Customer Address: &lt;/text&gt;&#xA;    &lt;newline&gt;&lt;/newline&gt;&#xA;    &lt;value&gt;Customer Address&lt;/value&gt;&#xA;    &lt;newline&gt;&lt;/newline&gt;&#xA;    &lt;text style=&quot;bold&quot;&gt;Project: &lt;/text&gt;&lt;value&gt;Project&lt;/value&gt;&#xA;    &lt;newline&gt;&lt;/newline&gt;&#xA;    &lt;text style=&quot;bold&quot;&gt;Use Template: &lt;/text&gt;&lt;value&gt;DR Use Template&lt;/value&gt;&#xA;    &lt;newline&gt;&lt;/newline&gt;&#xA;    &lt;text style=&quot;bold&quot;&gt;Approval Route: &lt;/text&gt;&lt;value&gt;Approval Route&lt;/value&gt;&#xA;    &lt;newline&gt;&lt;/newline&gt;&#xA;   &lt;/fixedtext&gt;&#xA;   &lt;tables&gt;&#xA;    &lt;table x=&quot;0&quot; y=&quot;50&quot; columns=&quot;4&quot; columnwidths=&quot;30,50,30,40&quot; cellheight=&quot;5&quot; measurementunit=&quot;MM&quot;&gt;&#xA;     &lt;cell rowspan=&quot;1&quot; columnspan=&quot;4&quot; style=&quot;bold&quot;&gt;&#xA;      &lt;text&gt;&lt;/text&gt;&#xA;     &lt;/cell&gt;&#xA;     &lt;cell rowspan=&quot;1&quot; columnspan=&quot;4&quot; style=&quot;bold&quot;&gt;&#xA;      &lt;text&gt;Author&lt;/text&gt;&#xA;     &lt;/cell&gt;&#xA;     &lt;cell&gt;&#xA;      &lt;text&gt;Name&lt;/text&gt;&#xA;     &lt;/cell&gt;&#xA;     &lt;cell&gt;&#xA;      &lt;text&gt;Email&lt;/text&gt;&#xA;     &lt;/cell&gt;&#xA;     &lt;cell&gt;&#xA;      &lt;text&gt;Telephone&lt;/text&gt;&#xA;     &lt;/cell&gt;&#xA;     &lt;cell&gt;&#xA;      &lt;text&gt;Creation Date&lt;/text&gt;&#xA;     &lt;/cell&gt;&#xA;     &lt;cell&gt;&#xA;      &lt;value&gt;Author Text&lt;/value&gt;&#xA;     &lt;/cell&gt;&#xA;     &lt;cell&gt;&#xA;      &lt;value&gt;Author Email Address&lt;/value&gt;&#xA;     &lt;/cell&gt;&#xA;     &lt;cell&gt;&#xA;      &lt;value&gt;Author Telephone&lt;/value&gt;&#xA;     &lt;/cell&gt;&#xA;     &lt;cell&gt;&#xA;      &lt;value&gt;Creation Date&lt;/value&gt;&#xA;     &lt;/cell&gt; &#xA;    &lt;/table&gt;&#xA;    &lt;table x=&quot;0&quot; y=&quot;100&quot; columns=&quot;4&quot; columnwidths=&quot;20,45,45,40&quot; cellheight=&quot;5&quot; measurementunit=&quot;MM&quot;&gt;&#xA;     &lt;cell rowspan=&quot;1&quot; columnspan=&quot;4&quot; style=&quot;bold&quot;&gt;&#xA;      &lt;text&gt;&lt;/text&gt;&#xA;     &lt;/cell&gt;&#xA;     &lt;cell rowspan=&quot;1&quot; columnspan=&quot;4&quot; style=&quot;bold&quot;&gt;&#xA;      &lt;text&gt;Approvals&lt;/text&gt;&#xA;     &lt;/cell&gt;&#xA;     &lt;cell&gt;&#xA;      &lt;text&gt;Approval&lt;/text&gt;&#xA;     &lt;/cell&gt;&#xA;     &lt;cell&gt;&#xA;      &lt;text&gt;Department&lt;/text&gt;&#xA;     &lt;/cell&gt;&#xA;     &lt;cell&gt;&#xA;      &lt;text&gt;Approver&lt;/text&gt;&#xA;     &lt;/cell&gt;&#xA;     &lt;cell&gt;&#xA;      &lt;text&gt;Date&lt;/text&gt;&#xA;     &lt;/cell&gt;&#xA;     &lt;cell&gt;&#xA;      &lt;text&gt;1&lt;/text&gt;&#xA;     &lt;/cell&gt;&#xA;     &lt;cell&gt;&#xA;      &lt;value&gt;Approval1 Dept&lt;/value&gt;&#xA;     &lt;/cell&gt;&#xA;     &lt;cell&gt;&#xA;      &lt;value&gt;Approval1&lt;/value&gt;&#xA;     &lt;/cell&gt;&#xA;     &lt;cell&gt;&#xA;      &lt;value&gt;Approval1 Date&lt;/value&gt;&#xA;     &lt;/cell&gt;&#xA;     &lt;cell&gt;&#xA;      &lt;text&gt;2&lt;/text&gt;&#xA;     &lt;/cell&gt;&#xA;     &lt;cell&gt;&#xA;      &lt;value&gt;Approval2 Dept&lt;/value&gt;&#xA;     &lt;/cell&gt;&#xA;     &lt;cell&gt;&#xA;      &lt;value&gt;Approval2&lt;/value&gt;&#xA;     &lt;/cell&gt;&#xA;     &lt;cell&gt;&#xA;      &lt;value&gt;Approval2 Date&lt;/value&gt;&#xA;     &lt;/cell&gt;&#xA;     &lt;cell&gt;&#xA;      &lt;text&gt;3&lt;/text&gt;&#xA;     &lt;/cell&gt;&#xA;     &lt;cell&gt;&#xA;      &lt;value&gt;Approval3 Dept&lt;/value&gt;&#xA;     &lt;/cell&gt;&#xA;     &lt;cell&gt;&#xA;      &lt;value&gt;Approval3&lt;/value&gt;&#xA;     &lt;/cell&gt;&#xA;     &lt;cell&gt;&#xA;      &lt;value&gt;Approval3 Date&lt;/value&gt;&#xA;     &lt;/cell&gt;&#xA;     &lt;cell&gt;&#xA;      &lt;text&gt;4&lt;/text&gt;&#xA;     &lt;/cell&gt;&#xA;     &lt;cell&gt;&#xA;      &lt;value&gt;Approval 4 Dept&lt;/value&gt;&#xA;     &lt;/cell&gt;&#xA;     &lt;cell&gt;&#xA;      &lt;value&gt;Approval 4&lt;/value&gt;&#xA;     &lt;/cell&gt;&#xA;     &lt;cell&gt;&#xA;      &lt;value&gt;Approval 4 Date&lt;/value&gt;&#xA;     &lt;/cell&gt;&#xA;    &lt;/table&gt;&#xA;   &lt;/tables&gt;&#xA;  &lt;/page&gt;&#xA; &lt;/pages&gt;&#xA;&lt;/document&gt;"/>
                <attribute name="drlRunActivity" value="Once"/>
                <attribute name="drlRunActivityBasedOnAttribute" value=""/>
            </attributes>
        </object>
    </objects>
</drlExportObjects>
