<?xml version="1.0" encoding="UTF-8" standalone="yes"?>
<drlExportObjects>
    <objects>
        <object>
            <type>DRLTools Create Queue Object Activity</type>
            <name>BatchWorkspaceDocumentReportQueueObject</name>
            <description>Batch Workspace Document Report Create Queue Object</description>
            <revision>1</revision>
            <policy>DRLTools</policy>
            <vault>eService Production</vault>
            <current>Exists</current>
            <level>2</level>
            <attributes>
                <attribute name="drlAssignedToSystem" value=""/>
                <attribute name="drlAttributes" value=""/>
                <attribute name="drlConfigurationObjectSource" value=""/>
                <attribute name="drlEnableOnVersionObjects" value="FALSE"/>
                <attribute name="drlIncludeRequestParamters" value="TRUE"/>
                <attribute name="drlMailUser" value="FALSE"/>
                <attribute name="drlProcessor" value="BatchWorkspaceDocumentReportProcessor"/>
                <attribute name="drlRequiresBusinessObject" value="TRUE"/>
                <attribute name="drlRunActivity" value="Once"/>
                <attribute name="drlRunActivityBasedOnAttribute" value=""/>
                <attribute name="drlRunForFileExtensions" value=""/>
                <attribute name="drlUseShadowAgent" value="FALSE"/>
            </attributes>
        </object>
    </objects>
</drlExportObjects>
