<?xml version="1.0" encoding="UTF-8" standalone="yes"?>
<drlExportObjects>
    <objects>
        <object>
            <type>DRLTools Type Action Trigger</type>
            <name>Create_Issues_Status_Report</name>
            <description>Report detailing the progress to date with Open Issues</description>
            <revision>1</revision>
            <policy>DRLTools</policy>
            <vault>eService Production</vault>
            <current>Exists</current>
            <level>1</level>
            <attributes>
                <attribute name="drlConfigurationObjectSource" value=""/>
                <attribute name="drlFailureMessage" value=""/>
                <attribute name="drlSuccessMessage" value=""/>
            </attributes>
            <relationships>
                <relationship>
                    <toType>DRLTools Excel Report Activity</toType>
                    <toName>Create_Issues_Status_Report</toName>
                    <toRevision>1</toRevision>
                    <relationshipType>DRLTools Dependant Activity Relationship</relationshipType>
                    <level>2</level>
                    <attributes>
                        <attribute name="drlOrderNumber" value="1"/>
                    </attributes>
                </relationship>
            </relationships>
        </object>
    </objects>
</drlExportObjects>
