<?xml version="1.0" encoding="UTF-8" standalone="yes"?>
<drlExportObjects>
    <objects>
        <object>
            <type>DRLTools Cascade Activity</type>
            <name>BatchWorkspaceDocumentReportCascade</name>
            <description>Batch Workspace Document Report Cascade</description>
            <revision>1</revision>
            <policy>DRLTools</policy>
            <vault>eService Production</vault>
            <current>Exists</current>
            <level>2</level>
            <attributes>
                <attribute name="drlConfigurationObjectSource" value=""/>
                <attribute name="drlHeader" value="Workspace Report (server side)"/>
                <attribute name="drlMode" value="Forward"/>
                <attribute name="drlRelationshipIsFromSourceObject" value="TRUE"/>
                <attribute name="drlRelationshipToSourceObject" value=""/>
                <attribute name="drlRelationshipToSourceObjectByType" value=""/>
                <attribute name="drlRunActivity" value="Once"/>
                <attribute name="drlRunActivityBasedOnAttribute" value=""/>
                <attribute name="drlShowSidePanel" value="FALSE"/>
                <attribute name="drlSidePanelText" value=""/>
                <attribute name="drlSubHeader" value="Report generated by processor system"/>
                <attribute name="drlTargetURL" value="drV6Tools.jsp?drToolsKey=BatchWorkspaceDocumentReportQueueObject&amp;"/>
                <attribute name="drlUseShadowAgent" value="FALSE"/>
                <attribute name="drlValuesToAppendToTargetURL" value="NameFilter"/>
            </attributes>
            <relationships>
                <relationship>
                    <toType>DRLTools Cascade Selection Free Text</toType>
                    <toName>BatchWorkspaceNameFilter</toName>
                    <toRevision>1</toRevision>
                    <relationshipType>DRLTools Cascade Selection List Relationship</relationshipType>
                    <level>3</level>
                    <attributes>
                        <attribute name="drlOrderNumber" value="1"/>
                    </attributes>
                </relationship>
            </relationships>
        </object>
    </objects>
</drlExportObjects>
