<?xml version="1.0" encoding="UTF-8" standalone="yes"?>
<drlExportObjects>
    <objects>
        <object>
            <type>DRLTools Cascade Selection Free Text</type>
            <name>BatchWorkspaceNameFilter</name>
            <description>Name Filter</description>
            <revision>1</revision>
            <policy>DRLTools</policy>
            <vault>eService Production</vault>
            <current>Exists</current>
            <level>3</level>
            <attributes>
                <attribute name="drlAssignsValuesToAttributes" value="NameFilter"/>
                <attribute name="drlAttributesToReset" value=""/>
                <attribute name="drlCheckConditions" value="FALSE"/>
                <attribute name="drlConfigurationObjectSource" value=""/>
                <attribute name="drlControlAlignmentDirection" value="Vertical"/>
                <attribute name="drlControlHeight" value="0"/>
                <attribute name="drlControlType" value="FreeTextBox"/>
                <attribute name="drlControlWidth" value="0"/>
                <attribute name="drlDefaultValue" value=""/>
                <attribute name="drlEnableInModes" value="All"/>
                <attribute name="drlEnableInStates" value=""/>
                <attribute name="drlFailureMessage" value=""/>
                <attribute name="drlHelpURL" value=""/>
                <attribute name="drlShowHeader" value="TRUE"/>
                <attribute name="drlValidationExpression" value=""/>
            </attributes>
        </object>
    </objects>
</drlExportObjects>
