<?xml version="1.0" encoding="UTF-8" standalone="yes"?>
<drlExportObjects>
    <objects>
        <object>
            <type>DRLTools Excel Report Activity</type>
            <name>Create_Issues_Status_Report</name>
            <description>Create_Issues_Status_Report</description>
            <revision>1</revision>
            <policy>DRLTools</policy>
            <vault>eService Production</vault>
            <current>Exists</current>
            <level>2</level>
            <attributes>
                <attribute name="drlConfigurationObjectSource" value=""/>
                <attribute name="drlFileName" value="IssuesStatusReport.xlsx"/>
                <attribute name="drlReportLayout" value="&lt;document&gt;      &#xA; &lt;!-- We are going to use a template file so don&apos;t need a blank workbook --&gt; &#xA; &lt;useBlankWorkbook&gt;FALSE&lt;/useBlankWorkbook&gt; &#xA;&#xA; &lt;!-- This is the &apos;Type&apos; of the Document we are going to use as a template --&gt;&#xA; &lt;templateType&gt;Document Template&lt;/templateType&gt; &#xA;&#xA; &lt;!-- This is the &apos;Name&apos; of the Document we are going to use as a template --&gt; &#xA; &lt;templateName&gt;ISS-TEMP-0001&lt;/templateName&gt; &#xA;&#xA; &lt;!-- This is the &apos;Revision&apos; of the Document we are going to use as a template --&gt; &#xA; &lt;templateRevision&gt;1&lt;/templateRevision&gt; &#xA;&#xA; &lt;!-- This is the &apos;File Name&apos; of the Document we are going to use as a template --&gt; &#xA; &lt;templateFileName&gt;Issues_Status_Report.xlsx&lt;/templateFileName&gt; &#xA;&#xA; &lt;!-- A query Filter can be used to filter (i.e. hide information we are not interested in). This report does not have a Query Filter --&gt; &#xA; &lt;queryFilters&gt;&#xA; &lt;/queryFilters&gt;&#xA;&#xA; &lt;!-- You may have calculated cells (e.g. adding one column value to another). This forces the formulas to be refreshed in Excel once the --&gt;&#xA; &lt;!-- database export has completed --&gt; &#xA; &lt;forceCellCalculationUpdate&gt;true&lt;/forceCellCalculationUpdate&gt;&#xA;&#xA; &lt;!-- The contents of one or many Worksheets are defined within here --&gt; &#xA; &lt;workSheets&gt;   &#xA;&#xA;  &lt;!-- This section is specific to a single worksheet - in this case the &apos;Issue - Raw Data&apos; Worksheet --&gt; &#xA;  &lt;!--  ##################################--&gt; &#xA;  &lt;!--  ### Issue - Raw Data WORKSHEET ###--&gt;&#xA;  &lt;!--  ##################################--&gt;  &#xA;  &lt;workSheet&gt;    &#xA;&#xA;   &lt;!-- This command advises that a &apos;new&apos; blank worksheet is not required --&gt;   &#xA;   &lt;useBlankWorksheet&gt;FALSE&lt;/useBlankWorksheet&gt;&#xA;&#xA;   &lt;!-- This statement lets the report generator know this section is populating the &apos;Issues - Raw Data&apos; Worksheet --&gt;  &#xA;   &lt;workSheetName&gt;Issues - Raw Data&lt;/workSheetName&gt;&#xA;&#xA;   &lt;!-- Values can be passed into a fixed location. In this case, specific cell locations on the template --&gt;  &#xA;   &lt;!-- In this example, no data is being passed to a fixed cell but an example is included and commented out --&gt; &#xA;   &lt;fixedCells&gt; &#xA;    &lt;!-- Advising that it&apos;s Column A, row 1 which will be populated using the value from the database --&gt;    &#xA;    &lt;!--&lt;cell column=&quot;A&quot; row=&quot;1&quot;&gt; --&gt;&#xA;&#xA;    &lt;!-- The name of the attribute which will be populated into the previously stated A1 cell --&gt;&#xA;    &lt;!-- Note that the ID of the object which initiated the report generation activity is passed to the report generator --&gt;&#xA;    &lt;!-- This means that the &apos;name&apos; listed below in this case is the name of the Workspace/Project Space/Object where the --&gt;&#xA;    &lt;!-- report was initiated from. --&gt;&#xA;&#xA;    &lt;!--&lt;value&gt;name&lt;/value&gt; --&gt;  &#xA;    &lt;!--&lt;/cell&gt; --&gt;&#xA;   &lt;/fixedCells&gt;&#xA;&#xA;   &lt;!-- A Row Repeater is used to extract information from the database, and populate the rows within the report  --&gt; &#xA;   &lt;rowRepeaters&gt;  &#xA;&#xA;    &lt;!-- The contents of the row repeater start with this statement --&gt;      &#xA;    &lt;rowRepeater&gt;&#xA;&#xA;     &lt;!-- As the template has a &apos;header row&apos; with some formatted titles on row 1 of the template, the rows of the report start at row 2 of this worksheet --&gt; &#xA;     &lt;startRow&gt;2&lt;/startRow&gt; &#xA;&#xA;     &lt;!-- This defines the &apos;query&apos; element of the information to be retrieved from the database to populate the spreadsheet --&gt;  &#xA;     &lt;!-- In this case the equivalent of a temp bus query is being run to find all object with a &apos;Type&apos; of &apos;Issue&apos; --&gt;&#xA;     &lt;!-- All of the &apos;basic&apos; attributes held against the Issue are retreived during this query also. --&gt;&#xA;     &lt;!-- The query will return only Issues with a Policy of &apos;Issue&apos; which are not in a &apos;Closed&apos; state --&gt;&#xA;     &lt;!-- The mqlselectables require to be stated as they are not held directly as a &apos;basic&apos; attribute against the object so require to be explicitly stated--&gt;&#xA;&#xA;     &lt;query queryType=&quot;temp&quot; objectidposition=&quot;3&quot; orderby=&quot;name&quot; dumpdelimiter=&quot;|&quot; typePattern=&quot;Issue&quot; namePattern=&quot;*&quot; revisionPattern=&quot;*&quot; retrieveAllBasics=&quot;true&quot; attributes=&quot;&quot; wherePattern=&apos;policy == &quot;Issue&quot; &amp;amp;&amp;amp; current != &quot;Closed&quot; &apos; mqlSelectables=&quot;state[Create].duration,state[Assign].duration,state[Active].duration,state[Review].duration&quot;&gt;&lt;/query&gt; &#xA;&#xA;     &lt;!-- The attributes below are populated on each row and object is returned for --&gt;  &#xA;     &lt;cells&gt;   &#xA;      &lt;cell column=&quot;A&quot;&gt;  &#xA;       &lt;value&gt;name&lt;/value&gt;&#xA;      &lt;/cell&gt;&#xA;      &lt;cell column=&quot;B&quot;&gt;  &#xA;       &lt;value&gt;description&lt;/value&gt;&#xA;      &lt;/cell&gt;&#xA;      &lt;cell column=&quot;C&quot;&gt;  &#xA;       &lt;value&gt;Priority&lt;/value&gt;&#xA;      &lt;/cell&gt;&#xA;      &lt;cell column=&quot;D&quot;&gt;  &#xA;       &lt;value&gt;current&lt;/value&gt;&#xA;      &lt;/cell&gt;&#xA;      &lt;cell column=&quot;E&quot;&gt;  &#xA;       &lt;value&gt;owner&lt;/value&gt;&#xA;      &lt;/cell&gt;&#xA;      &lt;cell column=&quot;F&quot; type=&quot;date&quot;&gt; &#xA;       &lt;format formatString=&quot;dd-MMM-yy&quot; type=&quot;date&quot;&gt;   &#xA;        &lt;value&gt;Estimated Start Date&lt;/value&gt;&#xA;       &lt;/format&gt;&#xA;      &lt;/cell&gt;    &#xA;      &lt;cell column=&quot;G&quot; type=&quot;date&quot;&gt; &#xA;       &lt;format formatString=&quot;dd-MMM-yy&quot; type=&quot;date&quot;&gt;    &#xA;        &lt;value&gt;Estimated End Date&lt;/value&gt;&#xA;       &lt;/format&gt;&#xA;      &lt;/cell&gt;&#xA;&#xA;      &lt;!-- See &apos;row repeater&apos; section for column H --&gt;&#xA;&#xA;      &lt;cell column=&quot;I&quot;&gt;  &#xA;       &lt;value&gt;state[Create].duration&lt;/value&gt;&#xA;      &lt;/cell&gt;&#xA;      &lt;cell column=&quot;J&quot;&gt;  &#xA;       &lt;value&gt;state[Assign].duration&lt;/value&gt;&#xA;      &lt;/cell&gt;   &#xA;      &lt;cell column=&quot;K&quot;&gt;  &#xA;       &lt;value&gt;state[Active].duration&lt;/value&gt;&#xA;      &lt;/cell&gt;&#xA;      &lt;cell column=&quot;L&quot;&gt;  &#xA;       &lt;value&gt;state[Review].duration&lt;/value&gt;&#xA;      &lt;/cell&gt;&#xA;      &lt;cell column=&quot;M&quot; type=&quot;date&quot;&gt; &#xA;       &lt;format formatString=&quot;dd-MMM-yy&quot; type=&quot;date&quot;&gt;   &#xA;        &lt;value&gt;modified&lt;/value&gt;&#xA;       &lt;/format&gt;&#xA;      &lt;/cell&gt;&#xA;      &lt;cell column=&quot;N&quot; type=&quot;date&quot;&gt; &#xA;       &lt;format formatString=&quot;dd-MMM-yy&quot; type=&quot;date&quot;&gt;    &#xA;        &lt;value&gt;originated&lt;/value&gt;&#xA;       &lt;/format&gt;&#xA;      &lt;/cell&gt;&#xA;      &lt;cell column=&quot;O&quot;&gt;  &#xA;       &lt;value&gt;Originator&lt;/value&gt;&#xA;      &lt;/cell&gt;    &#xA;     &lt;/cells&gt;&#xA;&#xA;     &lt;!-- A Sub Repeater expands from the object which has been found to find information related to the object. --&gt;&#xA;     &lt;!-- At this point, the Issue has provided the ID  to expand along the &apos;Issue&apos; Relationship --&gt;&#xA;     &lt;!-- The spreadsheet may have several rows of &apos;Issues / Reported Against&apos; listed at this point--&gt;&#xA;&#xA;     &lt;subRepeaters&gt; &#xA;      &lt;rowRepeater&gt; &#xA;&#xA;       &lt;!-- This value is zero as we would like the Reported Against value to appear on the same line as the previously found Issue --&gt;  &#xA;       &lt;startRow&gt;0&lt;/startRow&gt; &#xA;&#xA;       &lt;!-- Reported Against Value --&gt;&#xA;       &lt;!-- This query finds the associated &apos;Reported Against&apos; objects to list in the spreadsheet --&gt;&#xA;       &lt;query queryType=&quot;expand&quot;  objectidposition=&quot;6&quot; relationshipidposition=&quot;8&quot;  orderby=&quot;7&quot; dumpdelimiter=&quot;|&quot; &gt;&#xA;        expand bus ${ID} from relationship &quot;Issue&quot; type &quot;*&quot; recurse to 1 select bus id dump |&#xA;       &lt;/query&gt;       &#xA;&#xA;       &lt;!-- The attributes of the &apos;Reported Against&apos; object are populated onto the spreadsheet --&gt; &#xA;       &lt;cells&gt; &#xA;        &lt;cell column=&quot;H&quot;&gt; &#xA;         &lt;value&gt;name&lt;/value&gt;&#xA;        &lt;/cell&gt;      &#xA;       &lt;/cells&gt;&#xA;       &lt;subRepeaters&gt; &#xA;       &lt;/subRepeaters&gt;     &#xA;      &lt;/rowRepeater&gt;&#xA;     &lt;/subRepeaters&gt;    &#xA;    &lt;/rowRepeater&gt;&#xA;   &lt;/rowRepeaters&gt;&#xA;  &lt;/workSheet&gt;&#xA; &lt;/workSheets&gt;&#xA;&lt;/document&gt;"/>
                <attribute name="drlRunActivity" value="Once"/>
                <attribute name="drlRunActivityBasedOnAttribute" value=""/>
            </attributes>
        </object>
    </objects>
</drlExportObjects>
