<?xml version="1.0" encoding="UTF-8" standalone="yes"?>
<drlExportObjects>
    <objects>
        <object>
            <type>DRLTools Excel Report Activity</type>
            <name>Workspace Document Report</name>
            <description>Workspace Document Report</description>
            <revision>1</revision>
            <policy>DRLTools</policy>
            <vault>eService Production</vault>
            <current>Exists</current>
            <level>2</level>
            <attributes>
                <attribute name="drlConfigurationObjectSource" value=""/>
                <attribute name="drlFileName" value="WorkspaceDocumentReport.xlsx"/>
                <attribute name="drlReportLayout" value="&lt;document&gt;&#xA; &lt;useBlankWorkbook&gt;FALSE&lt;/useBlankWorkbook&gt;&#xA; &lt;templateType&gt;Document Template&lt;/templateType&gt;&#xA; &lt;templateName&gt;Doc-0000067&lt;/templateName&gt;&#xA; &lt;templateRevision&gt;1&lt;/templateRevision&gt;&#xA; &lt;templateFileName&gt;WorkspaceReportTemplate.xlsx&lt;/templateFileName&gt;&#xA; &lt;workSheets&gt;&#xA;  &lt;workSheet&gt;&#xA;   &lt;useBlankWorksheet&gt;FALSE&lt;/useBlankWorksheet&gt;&#xA;   &lt;workSheetName&gt;Workspace Report&lt;/workSheetName&gt;&#xA;   &lt;fixedCells&gt;&#xA;   &lt;/fixedCells&gt;&#xA;   &lt;rowRepeaters&gt;&#xA;    &lt;rowRepeater&gt;&#xA;     &lt;startRow&gt;2&lt;/startRow&gt;&#xA;     &lt;query queryType=&quot;expand&quot;  objectidposition=&quot;6&quot; relationshipidposition=&quot;7&quot;  orderby=&quot;id&quot; dumpdelimiter=&quot;|&quot; typePattern=&quot;*&quot; retrieveAllBasics=&quot;true&quot; attributes=&quot;Title,Originator&quot; relationshipPattern=&quot;Vaulted Objects&quot; relationshipAttributes=&quot;&quot; whereCondition=&quot;${lookup:NameWhereCondition}&quot;&gt;&lt;/query&gt;&#xA;     &lt;cells&gt;&#xA;      &lt;!-- ***************************************** DATA ROW *****************************************--&gt;&#xA;      &lt;cell column=&quot;A&quot;&gt;&#xA;       &lt;value&gt;Title&lt;/value&gt;&#xA;      &lt;/cell&gt;&#xA;      &lt;cell column=&quot;B&quot;&gt;&#xA;       &lt;value&gt;type&lt;/value&gt;&#xA;      &lt;/cell&gt;&#xA;      &lt;cell column=&quot;C&quot;&gt;&#xA;       &lt;value&gt;name&lt;/value&gt;&#xA;      &lt;/cell&gt;&#xA;      &lt;cell column=&quot;D&quot;&gt;&#xA;       &lt;value&gt;revision&lt;/value&gt;&#xA;      &lt;/cell&gt;      &#xA;      &lt;cell column=&quot;E&quot;&gt;&#xA;       &lt;value&gt;description&lt;/value&gt;&#xA;      &lt;/cell&gt;       &#xA;      &lt;cell column=&quot;F&quot;&gt;&#xA;       &lt;value&gt;policy&lt;/value&gt;&#xA;      &lt;/cell&gt;&#xA;      &lt;cell column=&quot;G&quot;&gt;&#xA;       &lt;value&gt;current&lt;/value&gt;&#xA;      &lt;/cell&gt;&#xA;      &lt;cell column=&quot;H&quot;&gt;&#xA;       &lt;value&gt;originated&lt;/value&gt;&#xA;      &lt;/cell&gt;&#xA;      &lt;cell column=&quot;I&quot;&gt;&#xA;       &lt;value&gt;Originator&lt;/value&gt;&#xA;      &lt;/cell&gt;&#xA;     &lt;/cells&gt;&#xA;    &lt;/rowRepeater&gt;&#xA;   &lt;/rowRepeaters&gt;&#xA;  &lt;/workSheet&gt;&#xA;  &lt;workSheet&gt;&#xA;   &lt;useBlankWorksheet&gt;FALSE&lt;/useBlankWorksheet&gt;&#xA;   &lt;workSheetName&gt;Document Data&lt;/workSheetName&gt;&#xA;   &lt;fixedCells&gt;&#xA;    &lt;!-- ***************************************** TITLE BLOCK *****************************************--&gt;&#xA;    &lt;cell column=&quot;B&quot; row=&quot;1&quot;&gt;&#xA;     &lt;value&gt;name&lt;/value&gt;   &#xA;    &lt;/cell&gt;&#xA;   &lt;/fixedCells&gt;&#xA;  &lt;/workSheet&gt;&#xA; &lt;/workSheets&gt;&#xA;&lt;/document&gt;"/>
                <attribute name="drlRunActivity" value="Once"/>
                <attribute name="drlRunActivityBasedOnAttribute" value=""/>
            </attributes>
        </object>
    </objects>
</drlExportObjects>
