<?xml version="1.0" encoding="UTF-8" standalone="yes"?>
<drlExportObjects>
    <objects>
        <object>
            <type>DRLTools Folder</type>
            <name>DRL REPORTS</name>
            <description>DRL Reports</description>
            <revision>1</revision>
            <policy>DRLTools</policy>
            <vault>eService Production</vault>
            <current>Exists</current>
            <level>0</level>
            <attributes>
                <attribute name="drlConfigurationObjectSource" value=""/>
            </attributes>
            <relationships>
                <relationship>
                    <toType>DRLTools Type Action Trigger</toType>
                    <toName>BatchWorkspaceDocumentReportCascade</toName>
                    <toRevision>1</toRevision>
                    <relationshipType>DRLTools Folder Content</relationshipType>
                    <level>1</level>
                </relationship>
                <relationship>
                    <toType>DRLTools Type Action Trigger</toType>
                    <toName>BatchWorkspaceDocumentReportQueueObject</toName>
                    <toRevision>1</toRevision>
                    <relationshipType>DRLTools Folder Content</relationshipType>
                    <level>1</level>
                </relationship>
                <relationship>
                    <toType>DRLTools Type Action Trigger</toType>
                    <toName>Create_Issues_Status_Report</toName>
                    <toRevision>1</toRevision>
                    <relationshipType>DRLTools Folder Content</relationshipType>
                    <level>1</level>
                </relationship>
                <relationship>
                    <toType>DRLTools Type Action Trigger</toType>
                    <toName>PDFReportGeneratorTypeActionTrigger</toName>
                    <toRevision>1</toRevision>
                    <relationshipType>DRLTools Folder Content</relationshipType>
                    <level>1</level>
                </relationship>
                <relationship>
                    <toType>DRLTools Type Action Trigger</toType>
                    <toName>WorkspaceDocumentReport</toName>
                    <toRevision></toRevision>
                    <relationshipType>DRLTools Folder Content</relationshipType>
                    <level>1</level>
                </relationship>
            </relationships>
        </object>
    </objects>
</drlExportObjects>
