<?xml version="1.0" encoding="UTF-8"?>
<Media databaseStamp="1544174090" displayResume="true" hash="7a64cb67ea3293775438837cfbb2eadc42798a20cc033fb5625808689b98986a" insReleaseId="6-421" instMode="standalone" localOSFileTree="false" maxInstPathLen="70" maxPathLength="170" name="CODE\win_b64\ENOVIA_RMC.media\media" rootFeature="CODE\win_b64\ENOVIA_RMC.media" type="CODE" volumes="1">
	<ProductInfos VersionShortName="V6R2019x" companyName="Dassault Systemes" copyrightString="&#xa9; 2018 Dassault Syst&#xe8;mes. All rights reserved." description=" " gaLevel="B421" marketingLongVersion="3DEXPERIENCE R2019x" marketingVersion="V6R2019x" osds="win_b64" pkgId="0x5c0a39c5" pkgIdString="20181207T091341Z" productLine="ENOVIA" rootLevel="421" shortReleaseName="R2019x" shortcutName="3DEXPERIENCE R2019x (local build)" spLevel="421" versionLongName="3DEXPERIENCE R2019x (local build)" />
	<Steps>
		<Step>DSYWelcomePanel</Step>
		<Any />
		<Step>DSYRegIdent</Step>
		<Any />
		<Step>SelectProduct</Step>
		<Step>SelectExtraProduct</Step>
		<Any />
		<Step>_Resume</Step>
	</Steps>
</Media>
