<?xml version="1.0" encoding="UTF-8" standalone="yes"?>
<menu overlay="true">
    <name>drV6ToolsTMCDocumentsActionToolbarMenu</name>
    <symbolicName>menu_drV6ToolsTMCDocumentsActionToolbarMenu</symbolicName>
    <dataObjectType>menu</dataObjectType>
    <icon></icon>
    <description></description>
    <label>drV6Tools</label>
    <isHidden>false</isHidden>
    <href></href>
    <alt>drV6Tools</alt>
    <menuItems/>
    <commandItems>
        <commandItem>drV6ToolsCreateDRLDocumentDataPDFReport</commandItem>
    </commandItems>
    <settings>
        <setting>
            <settingName>Image</settingName>
            <settingValue>${SUITE_DIR}/images/iconSmallDRLTools.gif</settingValue>
        </setting>
        <setting>
            <settingName>Registered Suite</settingName>
            <settingValue>drV6Tools</settingValue>
        </setting>
    </settings>
</menu>
