<?xml version="1.0" encoding="UTF-8" standalone="no"?>
<menu overlay="false">
  <name>drV6ToolsDemoMyDesk</name>
  <symbolicName>menu_drV6ToolsDemoMyDesk</symbolicName>
  <icon>To Implement</icon>
  <dataObjectType>menu</dataObjectType>
  <description/>
  <isHidden>false</isHidden>
  <label>drV6Tools Demo</label>
  <href/>
  <alt/>
  <menuItems/>
  <commandItems>
    <commandItem>drlCreateIssuesStatusReport</commandItem> 
  </commandItems>
  <settings>
    <setting>
      <settingName>Image</settingName>
      <settingValue>${COMMON_DIR}/images/iconSmallDRLTools.gif</settingValue>
    </setting>
    <setting>
      <settingName>Registered Suite</settingName>
      <settingValue>drV6Tools</settingValue>
    </setting>
    <setting>
      <settingName>Licensed Product</settingName>
      <settingValue>ENO_BPS_TP</settingValue>
    </setting>
  </settings>
</menu>
