<?xml version="1.0" encoding="UTF-8" standalone="yes"?>
<menu overlay="true">
    <name>drV6ToolsContentSummaryCreateNew</name>
    <symbolicName>menu_drV6ToolsContentSummaryCreateNew</symbolicName>
    <dataObjectType>menu</dataObjectType>
    <icon></icon>
    <description></description>
    <label>drV6Tools</label>
    <isHidden>false</isHidden>
    <href></href>
    <alt>drV6Tools</alt>
    <menuItems/>
    <commandItems>
        <commandItem>drV6ToolsDRLDOCUMENTCreateNewFromFolder</commandItem>
        <commandItem>drlCorrespondenceCreateFromFolder</commandItem>
        <commandItem>drlProposalCreateFromFolder</commandItem>
        <commandItem>AEFSeparator</commandItem>
        <commandItem>drV6ToolsCreateWorkspaceDocumentReport</commandItem>
		<commandItem>drV6ToolsCreateBatchWorkspaceDocumentReport</commandItem>
        <commandItem>drV6ToolsDownloadDRLDocumentPDFs</commandItem>
        <commandItem>drV6ToolsMergeDRLDocumentPDFs</commandItem>
        <commandItem>drV6ToolsMergeWithTOCDRLDocumentPDFs</commandItem>
    </commandItems>
    <settings>
        <setting>
            <settingName>Image</settingName>
            <settingValue>${SUITE_DIR}/images/iconSmallDRLTools.gif</settingValue>
        </setting>
        <setting>
            <settingName>Registered Suite</settingName>
            <settingValue>drV6Tools</settingValue>
        </setting>
    </settings>
</menu>
