<?xml version="1.0" encoding="UTF-8" standalone="yes"?>
<menu overlay="true">
    <name>My Desk</name>
    <symbolicName>menu_MyDesk</symbolicName>
    <dataObjectType>menu</dataObjectType>
    <icon></icon>
    <description></description>
    <label></label>
    <isHidden>false</isHidden>
    <href></href>
    <alt>emxNavigator.UIMenuBar.MyEnovia</alt>
    <menuItems>
        <menuItem after="drV6ToolsUtilitiesMyDesk" >drV6ToolsDemoMyDesk</menuItem>
    </menuItems>
    <commandItems/>
    <settings>
        <setting>
            <settingName>Image</settingName>
            <settingValue>${COMMON_DIR}/images/iconMedEnovia.png</settingValue>
        </setting>
        <setting>
            <settingName>Registered Suite</settingName>
            <settingValue>Framework</settingValue>
        </setting>
        <setting>
            <settingName>Target Location</settingName>
            <settingValue>content</settingValue>
        </setting>
    </settings>
</menu>
