<?xml version="1.0" encoding="UTF-8" standalone="yes"?>
<menu overlay="true">
    <name>TMCDocumentsActionToolbar</name>
    <symbolicName>menu_TMCDocumentsActionToolbar</symbolicName>
    <dataObjectType>menu</dataObjectType>
    <icon></icon>
    <description></description>
    <label></label>
    <isHidden></isHidden>
    <href></href>
    <alt></alt>
    <menuItems>
        <menuItem>drV6ToolsTMCDocumentsActionToolbarMenu</menuItem>
    </menuItems>
    <commandItems>
    </commandItems>
    <settings>
    </settings>
</menu>
